Workbook
Name Day_Name: Dataset!$V:$V
Name Delivery_Status: Dataset!$X:$X
Name Month: Dataset!$T:$T
Name sales: Dataset!$K:$K
Name Year: Dataset!$R:$R

Sheet Dataset
B2: Order_ID | C2: Cust_Name | D2: State | E2: Order_Date | F2: Delivery_Date | G2: Product_Name | H2: Category | I2: Email_ID | J2: Phone | K2: Sales | L2: New_cust_Name | M2: New_State | N2: New_Product_Name | O2: New_Category | P2: Gmail_New | Q2: Phn Numbers | R2: Year | S2: Year | T2: Month | U2: Day | V2: Day_Name | W2: Delivery Delay | X2: Delivery Status
B3: ORD001 | C3: ramesh kumar | D3: ap | E3: 44958 | F3: 44962 | G3: tshirt blue | H3: apparel | I3: ramesh@gmailcom | J3: 9876543210 | K3: 1200 | L3: =PROPER(C3) -> Ramesh Kumar | M3: {=_xlfn.SWITCH(D3,"ap","Andhra Pradesh", "AP","Andhra Pradesh", "Andhra","Andhra Pradesh", "TS","Telangana", "telangana","Telangana", "Andhra Pradesh","Andhra Pradesh", "Telangana","Telangana")} -> Andhra Pradesh | N3: =PROPER(SUBSTITUTE(SUBSTITUTE(G3,"-"," "),"_"," ")) -> Tshirt Blue | O3: =PROPER(H3) -> Apparel | P3: =SUBSTITUTE(SUBSTITUTE(I3,"@gmailcom","@gmail.com"),".gmail","@gmail") -> ramesh@gmail.com | Q3: =SUBSTITUTE(J3,"91","") -> 9876543210 | R3: =YEAR(E3) -> 2023 | S3: =TEXT(E3,"yyy") -> 2023 | T3: =TEXT(F3,"mmm") -> Feb | U3: =TEXT(E3,"dd") -> 01 | V3: =TEXT(E3,"ddd") -> Wed | W3: =F3-E3 -> 4 | X3: =(IF(W3>5,"Late Delivery","On Time Delivery")) -> On Time Delivery
B4: ORD002 | C4: SITA devi | D4: Andhra | E4: 44990 | F4: 44995 | G4: Jeans-Black | H4: apparel | I4: sita@gmail.com | J4: 919876543211 | K4: 2500 | L4: =PROPER(C4) -> Sita Devi | M4: {=_xlfn.SWITCH(D4,"ap","Andhra Pradesh", "AP","Andhra Pradesh", "Andhra","Andhra Pradesh", "TS","Telangana", "telangana","Telangana", "Andhra Pradesh","Andhra Pradesh", "Telangana","Telangana")} -> Andhra Pradesh | N4: =PROPER(SUBSTITUTE(SUBSTITUTE(G4,"-"," "),"_"," ")) -> Jeans Black | O4: =PROPER(H4) -> Apparel | P4: =SUBSTITUTE(SUBSTITUTE(I4,"@gmailcom","@gmail.com"),".gmail","@gmail") -> sita@gmail.com | Q4: =SUBSTITUTE(J4,"91","") -> 9876543211 | R4: =YEAR(E4) -> 2023 | S4: =TEXT(E4,"yyyy") -> 2023 | T4: =TEXT(F4,"mmm") -> Mar | U4: =TEXT(F4,"dd") -> 10 | V4: =TEXT(E4,"ddd") -> Sun | W4: =F4-E4 -> 5 | X4: =(IF(W4>5,"Late Delivery","On Time Delivery")) -> On Time Delivery
B5: ORD003 | C5: Rahul | D5: AP | E5: 45031 | F5: 45036 | G5: sneakers white | H5: footwear | I5: rahul@gmail.com | J5: 987654321 | K5: 3200 | L5: =PROPER(C5) -> Rahul | M5: {=_xlfn.SWITCH(D5,"ap","Andhra Pradesh", "AP","Andhra Pradesh", "Andhra","Andhra Pradesh", "TS","Telangana", "telangana","Telangana", "Andhra Pradesh","Andhra Pradesh", "Telangana","Telangana")} -> Andhra Pradesh | N5: =PROPER(SUBSTITUTE(SUBSTITUTE(G5,"-"," "),"_"," ")) -> Sneakers White | O5: =PROPER(H5) -> Footwear | P5: =SUBSTITUTE(SUBSTITUTE(I5,"@gmailcom","@gmail.com"),".gmail","@gmail") -> rahul@gmail.com | Q5: =SUBSTITUTE(J5,"91","") -> 987654321 | R5: =YEAR(E5) -> 2023 | S5: =TEXT(E5,"yyyy") -> 2023 | T5: =TEXT(F5,"mmm") -> Apr | U5: =TEXT(F5,"dd") -> 20 | V5: =TEXT(E5,"ddd") -> Sat | W5: =F5-E5 -> 5 | X5: =(IF(W5>5,"Late Delivery","On Time Delivery")) -> On Time Delivery
B6: ORD004 | C6: anjali reddy | D6: Telangana | E6: 45058 | F6: 45064 | G6: kurti_red | H6: apparel | I6: anjali.gmail.com | J6: 9876543210 | K6: 1800 | L6: =PROPER(C6) -> Anjali Reddy | M6: {=_xlfn.SWITCH(D6,"ap","Andhra Pradesh", "AP","Andhra Pradesh", "Andhra","Andhra Pradesh", "TS","Telangana", "telangana","Telangana", "Andhra Pradesh","Andhra Pradesh", "Telangana","Telangana")} -> Telangana | N6: =PROPER(SUBSTITUTE(SUBSTITUTE(G6,"-"," "),"_"," ")) -> Kurti Red | O6: =PROPER(H6) -> Apparel | P6: =SUBSTITUTE(SUBSTITUTE(I6,"@gmailcom","@gmail.com"),".gmail","@gmail") -> anjali@gmail.com | Q6: =SUBSTITUTE(J6,"91","") -> 9876543210 | R6: =YEAR(E6) -> 2023 | S6: =TEXT(E6,"yyyy") -> 2023 | T6: =TEXT(F6,"mmm") -> May | U6: =TEXT(F6,"dd") -> 18 | V6: =TEXT(E6,"ddd") -> Fri | W6: =F6-E6 -> 6 | X6: =(IF(W6>5,"Late Delivery","On Time Delivery")) -> Late Delivery
B7: ORD005 | C7: KIRAN | D7: telangana | E7: 45084 | F7: 45089 | G7: Shirt Blue | H7: Apparel | I7: kiran@gmailcom | J7: 9876543210 | K7: 1500 | L7: =PROPER(C7) -> Kiran | M7: {=_xlfn.SWITCH(D7,"ap","Andhra Pradesh", "AP","Andhra Pradesh", "Andhra","Andhra Pradesh", "TS","Telangana", "telangana","Telangana", "Andhra Pradesh","Andhra Pradesh", "Telangana","Telangana")} -> Telangana | N7: =PROPER(SUBSTITUTE(SUBSTITUTE(G7,"-"," "),"_"," ")) -> Shirt Blue | O7: =PROPER(H7) -> Apparel | P7: =SUBSTITUTE(SUBSTITUTE(I7,"@gmailcom","@gmail.com"),".gmail","@gmail") -> kiran@gmail.com | Q7: =SUBSTITUTE(J7,"91","") -> 9876543210 | R7: =YEAR(E7) -> 2023 | S7: =TEXT(E7,"yyyy") -> 2023 | T7: =TEXT(F7,"mmm") -> Jun | U7: =TEXT(F7,"dd") -> 12 | V7: =TEXT(E7,"ddd") -> Wed | W7: =F7-E7 -> 5 | X7: =(IF(W7>5,"Late Delivery","On Time Delivery")) -> On Time Delivery
B8: ORD006 | C8: meena | D8: TS | E8: 45115 | F8: 45121 | G8: dress pink | H8: apparel | I8: meena@gmail.com | J8: 919876543210 | K8: 2100 | L8: =PROPER(C8) -> Meena | M8: {=_xlfn.SWITCH(D8,"ap","Andhra Pradesh", "AP","Andhra Pradesh", "Andhra","Andhra Pradesh", "TS","Telangana", "telangana","Telangana", "Andhra Pradesh","Andhra Pradesh", "Telangana","Telangana")} -> Telangana | N8: =PROPER(SUBSTITUTE(SUBSTITUTE(G8,"-"," "),"_"," ")) -> Dress Pink | O8: =PROPER(H8) -> Apparel | P8: =SUBSTITUTE(SUBSTITUTE(I8,"@gmailcom","@gmail.com"),".gmail","@gmail") -> meena@gmail.com | Q8: =SUBSTITUTE(J8,"91","") -> 9876543210 | R8: =YEAR(E8) -> 2023 | S8: =TEXT(E8,"yyyy") -> 2023 | T8: =TEXT(F8,"mmm") -> Jul | U8: =TEXT(F8,"dd") -> 14 | V8: =TEXT(E8,"ddd") -> Sat | W8: =F8-E8 -> 6 | X8: =(IF(W8>5,"Late Delivery","On Time Delivery")) -> Late Delivery
B9: ORD007 | C9: john doe | D9: ap | E9: 45146 | F9: 45153 | G9: tshirt blue | H9: Apparel | I9: john@gmailcom | J9: 9876543210 | K9: 1200 | L9: =PROPER(C9) -> John Doe | M9: {=_xlfn.SWITCH(D9,"ap","Andhra Pradesh", "AP","Andhra Pradesh", "Andhra","Andhra Pradesh", "TS","Telangana", "telangana","Telangana", "Andhra Pradesh","Andhra Pradesh", "Telangana","Telangana")} -> Andhra Pradesh | N9: =PROPER(SUBSTITUTE(SUBSTITUTE(G9,"-"," "),"_"," ")) -> Tshirt Blue | O9: =PROPER(H9) -> Apparel | P9: =SUBSTITUTE(SUBSTITUTE(I9,"@gmailcom","@gmail.com"),".gmail","@gmail") -> john@gmail.com | Q9: =SUBSTITUTE(J9,"91","") -> 9876543210 | R9: =YEAR(E9) -> 2023 | S9: =TEXT(E9,"yyyy") -> 2023 | T9: =TEXT(F9,"mmm") -> Aug | U9: =TEXT(F9,"dd") -> 15 | V9: =TEXT(E9,"ddd") -> Tue | W9: =F9-E9 -> 7 | X9: =(IF(W9>5,"Late Delivery","On Time Delivery")) -> Late Delivery
B10: ORD008 | C10: Pooja | D10: Andhra Pradesh | E10: 45170 | F10: 45176 | G10: jeans black | H10: apparel | I10: pooja@gmail.com | J10: 9876543211 | K10: 2400 | L10: =PROPER(C10) -> Pooja | M10: {=_xlfn.SWITCH(D10,"ap","Andhra Pradesh", "AP","Andhra Pradesh", "Andhra","Andhra Pradesh", "TS","Telangana", "telangana","Telangana", "Andhra Pradesh","Andhra Pradesh", "Telangana","Telangana")} -> Andhra Pradesh | N10: =PROPER(SUBSTITUTE(SUBSTITUTE(G10,"-"," "),"_"," ")) -> Jeans Black | O10: =PROPER(H10) -> Apparel | P10: =SUBSTITUTE(SUBSTITUTE(I10,"@gmailcom","@gmail.com"),".gmail","@gmail") -> pooja@gmail.com | Q10: =SUBSTITUTE(J10,"91","") -> 9876543211 | R10: =YEAR(E10) -> 2023 | S10: =TEXT(E10,"yyyy") -> 2023 | T10: =TEXT(F10,"mmm") -> Sep | U10: =TEXT(F10,"dd") -> 07 | V10: =TEXT(E10,"ddd") -> Fri | W10: =F10-E10 -> 6 | X10: =(IF(W10>5,"Late Delivery","On Time Delivery")) -> Late Delivery
B11: ORD009 | C11: vikram | D11: AP | E11: 45210 | F11: 45217 | G11: sneakers white | H11: footwear | I11: vikram@gmailcom | J11: 9876543212 | K11: 3300 | L11: =PROPER(C11) -> Vikram | M11: {=_xlfn.SWITCH(D11,"ap","Andhra Pradesh", "AP","Andhra Pradesh", "Andhra","Andhra Pradesh", "TS","Telangana", "telangana","Telangana", "Andhra Pradesh","Andhra Pradesh", "Telangana","Telangana")} -> Andhra Pradesh | N11: =PROPER(SUBSTITUTE(SUBSTITUTE(G11,"-"," "),"_"," ")) -> Sneakers White | O11: =PROPER(H11) -> Footwear | P11: =SUBSTITUTE(SUBSTITUTE(I11,"@gmailcom","@gmail.com"),".gmail","@gmail") -> vikram@gmail.com | Q11: =SUBSTITUTE(J11,"91","") -> 9876543212 | R11: =YEAR(E11) -> 2023 | S11: =TEXT(E11,"yyyy") -> 2023 | T11: =TEXT(F11,"mmm") -> Oct | U11: =TEXT(F11,"dd") -> 18 | V11: =TEXT(E11,"ddd") -> Wed | W11: =F11-E11 -> 7 | X11: =(IF(W11>5,"Late Delivery","On Time Delivery")) -> Late Delivery
B12: ORD010 | C12: kavya | D12: telangana | E12: 45232 | F12: 45238 | G12: kurti red | H12: apparel | I12: kavya@gmail.com | J12: 9876543213 | K12: 1900 | L12: =PROPER(C12) -> Kavya | M12: {=_xlfn.SWITCH(D12,"ap","Andhra Pradesh", "AP","Andhra Pradesh", "Andhra","Andhra Pradesh", "TS","Telangana", "telangana","Telangana", "Andhra Pradesh","Andhra Pradesh", "Telangana","Telangana")} -> Telangana | N12: =PROPER(SUBSTITUTE(SUBSTITUTE(G12,"-"," "),"_"," ")) -> Kurti Red | O12: =PROPER(H12) -> Apparel | P12: =SUBSTITUTE(SUBSTITUTE(I12,"@gmailcom","@gmail.com"),".gmail","@gmail") -> kavya@gmail.com | Q12: =SUBSTITUTE(J12,"91","") -> 9876543213 | R12: =YEAR(E12) -> 2023 | S12: =TEXT(E12,"yyyy") -> 2023 | T12: =TEXT(F12,"mmm") -> Nov | U12: =TEXT(F12,"dd") -> 08 | V12: =TEXT(E12,"ddd") -> Thu | W12: =F12-E12 -> 6 | X12: =(IF(W12>5,"Late Delivery","On Time Delivery")) -> Late Delivery
B13: ORD011 | C13: RAMESH | D13: ap | E13: 45272 | F13: 45278 | G13: shirt blue | H13: apparel | I13: ramesh@gmail.com | J13: 9876543214 | K13: 1600 | L13: =PROPER(C13) -> Ramesh | M13: {=_xlfn.SWITCH(D13,"ap","Andhra Pradesh", "AP","Andhra Pradesh", "Andhra","Andhra Pradesh", "TS","Telangana", "telangana","Telangana", "Andhra Pradesh","Andhra Pradesh", "Telangana","Telangana")} -> Andhra Pradesh | N13: =PROPER(SUBSTITUTE(SUBSTITUTE(G13,"-"," "),"_"," ")) -> Shirt Blue | O13: =PROPER(H13) -> Apparel | P13: =SUBSTITUTE(SUBSTITUTE(I13,"@gmailcom","@gmail.com"),".gmail","@gmail") -> ramesh@gmail.com | Q13: =SUBSTITUTE(J13,"91","") -> 9876543214 | R13: =YEAR(E13) -> 2023 | S13: =TEXT(E13,"yyyy") -> 2023 | T13: =TEXT(F13,"mmm") -> Dec | U13: =TEXT(F13,"dd") -> 18 | V13: =TEXT(E13,"ddd") -> Tue | W13: =F13-E13 -> 6 | X13: =(IF(W13>5,"Late Delivery","On Time Delivery")) -> Late Delivery
B14: ORD012 | C14: sita devi | D14: AP | E14: 45296 | F14: 45301 | G14: jeans-black | H14: apparel | I14: sita@gmailcom | J14: 9876543215 | K14: 2600 | L14: =PROPER(C14) -> Sita Devi | M14: {=_xlfn.SWITCH(D14,"ap","Andhra Pradesh", "AP","Andhra Pradesh", "Andhra","Andhra Pradesh", "TS","Telangana", "telangana","Telangana", "Andhra Pradesh","Andhra Pradesh", "Telangana","Telangana")} -> Andhra Pradesh | N14: =PROPER(SUBSTITUTE(SUBSTITUTE(G14,"-"," "),"_"," ")) -> Jeans Black | O14: =PROPER(H14) -> Apparel | P14: =SUBSTITUTE(SUBSTITUTE(I14,"@gmailcom","@gmail.com"),".gmail","@gmail") -> sita@gmail.com | Q14: =SUBSTITUTE(J14,"91","") -> 9876543215 | R14: =YEAR(E14) -> 2024 | S14: =TEXT(E14,"yyyy") -> 2024 | T14: =TEXT(F14,"mmm") -> Jan | U14: =TEXT(F14,"dd") -> 10 | V14: =TEXT(E14,"ddd") -> Fri | W14: =F14-E14 -> 5 | X14: =(IF(W14>5,"Late Delivery","On Time Delivery")) -> On Time Delivery
B15: ORD013 | C15: Rahul kumar | D15: andhra | E15: 45337 | F15: 45342 | G15: sneakers_white | H15: footwear | I15: rahul@gmail.com | J15: 9876543216 | K15: 3500 | L15: =PROPER(C15) -> Rahul Kumar | M15: {=_xlfn.SWITCH(D15,"ap","Andhra Pradesh", "AP","Andhra Pradesh", "Andhra","Andhra Pradesh", "TS","Telangana", "telangana","Telangana", "Andhra Pradesh","Andhra Pradesh", "Telangana","Telangana")} -> Andhra Pradesh | N15: =PROPER(SUBSTITUTE(SUBSTITUTE(G15,"-"," "),"_"," ")) -> Sneakers White | O15: =PROPER(H15) -> Footwear | P15: =SUBSTITUTE(SUBSTITUTE(I15,"@gmailcom","@gmail.com"),".gmail","@gmail") -> rahul@gmail.com | Q15: =SUBSTITUTE(J15,"91","") -> 9876543216 | R15: =YEAR(E15) -> 2024 | S15: =TEXT(E15,"yyyy") -> 2024 | T15: =TEXT(F15,"mmm") -> Feb | U15: =TEXT(F15,"dd") -> 20 | V15: =TEXT(E15,"ddd") -> Thu | W15: =F15-E15 -> 5 | X15: =(IF(W15>5,"Late Delivery","On Time Delivery")) -> On Time Delivery
... B22: ORD020 | C22: Kavya | D22: telangana | E22: 45544 | F22: 45550 | G22: kurti red | H22: apparel | I22: kavya@gmailcom | J22: 919876543223 | K22: 2100 | L22: =PROPER(C22) -> Kavya | M22: {=_xlfn.SWITCH(D22,"ap","Andhra Pradesh", "AP","Andhra Pradesh", "Andhra","Andhra Pradesh", "TS","Telangana", "telangana","Telangana", "Andhra Pradesh","Andhra Pradesh", "Telangana","Telangana")} -> Telangana | N22: =PROPER(SUBSTITUTE(SUBSTITUTE(G22,"-"," "),"_"," ")) -> Kurti Red | O22: =PROPER(H22) -> Apparel | P22: =SUBSTITUTE(SUBSTITUTE(I22,"@gmailcom","@gmail.com"),".gmail","@gmail") -> kavya@gmail.com | Q22: =SUBSTITUTE(J22,"91","") -> 9876543223 | R22: =YEAR(E22) -> 2024 | S22: =TEXT(E22,"yyyy") -> 2024 | T22: =TEXT(F22,"mmm") -> Sep | U22: =TEXT(F22,"dd") -> 15 | V22: =TEXT(E22,"ddd") -> Mon | W22: =F22-E22 -> 6 | X22: =(IF(W22>5,"Late Delivery","On Time Delivery")) -> Late Delivery

Sheet Report_Refernce

Sheet Sheet1
W4: Year
B5: Month | C5: Sales | E5: Delivery Status | I5: Select Year | J5: 2023 | W5: =YEAR(Dataset!E3) -> 2023
B6: =TEXT(Dataset!E14,"mmm") -> Jan | C6: =SUMIF(Month,B6,sales) -> 2600 | E6: On Time Delivery | F6: =COUNTIF(Delivery_Status,E6) -> 8 | G6: =F6/20 -> 0.4 | I6: Select Month | J6: Jun | W6: =YEAR(Dataset!E14) -> 2024
B7: =TEXT(Dataset!E3,"mmm") -> Feb | C7: =SUMIF(Month,B7,sales) -> 4700 | E7: Late Delivery | F7: =COUNTIF(Delivery_Status,E7) -> 12 | G7: =F7/20 -> 0.6 | I7: Day_Name | J7: Wed
B8: =TEXT(Dataset!E4,"mmm") -> Mar | C8: =SUMIF(Month,B8,sales) -> 4500 | I8: Total Sales | J8: =SUMIFS(sales,Year,J5,Month,J6,Day_Name,J7) -> 1500 | W8: =TEXT(Dataset!E3,"mmm") -> Feb
B9: =TEXT(Dataset!E5,"mmm") -> Apr | C9: =SUMIF(Month,B9,sales) -> 4900 | E9: Day_Name | F9: Sales | G9: Count | W9: =TEXT(Dataset!E4,"mmm") -> Mar
B10: =TEXT(Dataset!E6,"mmm") -> May | C10: =SUMIF(Month,B10,sales) -> 4000 | E10: =TEXT(Dataset!E18,"ddd") -> Mon | F10: =SUMIF(Day_Name,E10,sales) -> 4300 | G10: =COUNTIF(Day_Name,E10) -> 2 | W10: =TEXT(Dataset!E5,"mmm") -> Apr
B11: =TEXT(Dataset!E7,"mmm") -> Jun | C11: =SUMIF(Month,B11,sales) -> 2800 | E11: =TEXT(Dataset!E9,"ddd") -> Tue | F11: =SUMIF(Day_Name,E11,sales) -> 2800 | G11: =COUNTIF(Day_Name,E11) -> 2 | W11: =TEXT(Dataset!E6,"mmm") -> May
B12: =TEXT(Dataset!E8,"mmm") -> Jul | C12: =SUMIF(Month,B12,sales) -> 4800 | E12: =TEXT(Dataset!E3,"ddd") -> Wed | F12: =SUMIF(Day_Name,E12,sales) -> 6000 | G12: =COUNTIF(Day_Name,E12) -> 3 | W12: =TEXT(Dataset!E7,"mmm") -> Jun
B13: =TEXT(Dataset!E9,"mmm") -> Aug | C13: =SUMIF(Month,B13,sales) -> 4800 | E13: =TEXT(Dataset!E12,"ddd") -> Thu | F13: =SUMIF(Day_Name,E13,sales) -> 9000 | G13: =COUNTIF(Day_Name,E13) -> 3 | W13: =TEXT(Dataset!E8,"mmm") -> Jul
B14: =TEXT(Dataset!E10,"mmm") -> Sep | C14: =SUMIF(Month,B14,sales) -> 4500 | E14: =TEXT(Dataset!E6,"ddd") -> Fri | F14: =SUMIF(Day_Name,E14,sales) -> 8500 | G14: =COUNTIF(Day_Name,E14) -> 4 | W14: =TEXT(Dataset!E9,"mmm") -> Aug
B15: =TEXT(Dataset!E11,"mmm") -> Oct | C15: =SUMIF(Month,B15,sales) -> 3300 | E15: =TEXT(Dataset!E5,"ddd") -> Sat | F15: =SUMIF(Day_Name,E15,sales) -> 6600 | G15: =COUNTIF(Day_Name,E15) -> 3 | W15: =TEXT(Dataset!E10,"mmm") -> Sep
B16: =TEXT(Dataset!E12,"mmm") -> Nov | C16: =SUMIF(Month,B16,sales) -> 1900 | E16: =TEXT(Dataset!E4,"ddd") -> Sun | F16: =SUMIF(Day_Name,E16,sales) -> 7200 | G16: =COUNTIF(Day_Name,E16) -> 3 | W16: =TEXT(Dataset!E11,"mmm") -> Oct
B17: =TEXT(Dataset!E13,"mmm") -> Dec | C17: =SUMIF(Month,B17,sales) -> 1600 | W17: =TEXT(Dataset!E12,"mmm") -> Nov
W18: =TEXT(Dataset!E13,"mmm") -> Dec
W19: =TEXT(Dataset!E14,"mmm") -> Jan
W21: =TEXT(Dataset!E3,"ddd") -> Wed
W22: =TEXT(Dataset!E4,"ddd") -> Sun
W23: =TEXT(Dataset!E5,"ddd") -> Sat
W24: =TEXT(Dataset!E6,"ddd") -> Fri
W25: =TEXT(Dataset!E9,"ddd") -> Tue
W26: =TEXT(Dataset!E12,"ddd") -> Thu
W27: =TEXT(Dataset!E18,"ddd") -> Mon
