Workbook

Sheet Dataset
A1: Task 3 | G1: Task 5 | H1: Task 2 | I1: Task 4 | L1: Task 6 | N1: Task 7 | R1: Task 1
A2: EMP_ID | B2: First Name | C2: Last Name | D2: Salary | E2: Bonus | F2: Month | G2: Months | H2: gmail | I2: User_ID first+last name | J2: Total Salary | K2: Annual Salary | L2: Tax (10%) | M2: Final Salary | N2: Updated Bonus | O2: Pefomance Score | Q2: First Name | R2: Last Name | S2: Full Name | T2: Full Name
A3: EMP001 | B3: Ravi | C3: Kumar | D3: 25000 | E3: 2000 | F3: Jan | G3: Jan | H3: Ravikumar@gmail.com | I3: Raar | J3: =D3+E3 -> 27000 | K3: =J3*12 -> 324000 | L3: =J3*10% -> 2700 | M3: =J3-L3 -> 24300 | N3: =E3+500 -> 2500 | O3: =Dataset!D3/1000 -> 25 | Q3: Ravi | R3: Kumar | S3: =Q3&" "&R3 -> Ravi Kumar | T3: Ravi Kumar
A4: EMP002 | B4: Sneha | C4: Rani | D4: 30000 | E4: 2500 | F4: Feb | G4: Feb | H4: Sneharani@gmail.com | I4: Snni | J4: =D4+E4 -> 32500 | K4: =J4*12 -> 390000 | L4: =J4*10% -> 3250 | M4: =J4-L4 -> 29250 | N4: =E4+500 -> 3000 | O4: =Dataset!D4/1000 -> 30 | Q4: Sneha | R4: Rani | S4: =Q4&" "&R4 -> Sneha Rani | T4: Sneha Rani
A5: EMP003 | B5: Ankit | C5: Verma | D5: 28000 | E5: 1800 | F5: Mar | G5: Mar | H5: Ankitverma@gmail.com | I5: Anrma | J5: =D5+E5 -> 29800 | K5: =J5*12 -> 357600 | L5: =J5*10% -> 2980 | M5: =J5-L5 -> 26820 | N5: =E5+500 -> 2300 | O5: =Dataset!D5/1000 -> 28 | Q5: Ankit | R5: Verma | S5: =Q5&" "&R5 -> Ankit Verma | T5: Ankit Verma
A6: EMP004 | B6: Priya | C6: Meena | D6: 32000 | E6: 3000 | F6: Apr | G6: Apr | H6: Priyameena@gmail.com | I6: Prena | J6: =D6+E6 -> 35000 | K6: =J6*12 -> 420000 | L6: =J6*10% -> 3500 | M6: =J6-L6 -> 31500 | N6: =E6+500 -> 3500 | O6: =Dataset!D6/1000 -> 32 | Q6: Priya | R6: Meena | S6: =Q6&" "&R6 -> Priya Meena | T6: Priya Meena
A7: EMP005 | B7: Deepak | C7: Yadav | D7: 27000 | E7: 2200 | F7: May | G7: May | H7: Deepakyadav@gmail.com | I7: Dedav | J7: =D7+E7 -> 29200 | K7: =J7*12 -> 350400 | L7: =J7*10% -> 2920 | M7: =J7-L7 -> 26280 | N7: =E7+500 -> 2700 | O7: =Dataset!D7/1000 -> 27 | Q7: Deepak | R7: Yadav | S7: =Q7&" "&R7 -> Deepak Yadav | T7: Deepak Yadav
A8: EMP006 | B8: Pooja | C8: Sharma | D8: 26000 | E8: 2100 | F8: Jun | G8: Jun | H8: Poojasharma@gmail.com | I8: Poarma | J8: =D8+E8 -> 28100 | K8: =J8*12 -> 337200 | L8: =J8*10% -> 2810 | M8: =J8-L8 -> 25290 | N8: =E8+500 -> 2600 | O8: =Dataset!D8/1000 -> 26 | Q8: Pooja | R8: Sharma | S8: =Q8&" "&R8 -> Pooja Sharma | T8: Pooja Sharma
A9: EMP007 | B9: Kiran | C9: Reddy | D9: 31000 | E9: 2700 | F9: Jul | G9: Jul | H9: Kiranreddy@gmail.com | I9: Kiddy | J9: =D9+E9 -> 33700 | K9: =J9*12 -> 404400 | L9: =J9*10% -> 3370 | M9: =J9-L9 -> 30330 | N9: =E9+500 -> 3200 | O9: =Dataset!D9/1000 -> 31 | Q9: Kiran | R9: Reddy | S9: =Q9&" "&R9 -> Kiran Reddy | T9: Kiran Reddy
A10: EMP008 | B10: Neha | C10: Singh | D10: 29000 | E10: 2400 | F10: Aug | G10: Aug | H10: Nehasingh@gmail.com | I10: Nengh | J10: =D10+E10 -> 31400 | K10: =J10*12 -> 376800 | L10: =J10*10% -> 3140 | M10: =J10-L10 -> 28260 | N10: =E10+500 -> 2900 | O10: =Dataset!D10/1000 -> 29 | Q10: Neha | R10: Singh | S10: =Q10&" "&R10 -> Neha Singh | T10: Neha Singh
A11: EMP009 | B11: Rahul | C11: Das | D11: 27500 | E11: 1900 | F11: Sep | G11: Sep | H11: Rahuldas@gmail.com | I11: Ras | J11: =D11+E11 -> 29400 | K11: =J11*12 -> 352800 | L11: =J11*10% -> 2940 | M11: =J11-L11 -> 26460 | N11: =E11+500 -> 2400 | O11: =Dataset!D11/1000 -> 27.5 | Q11: Rahul | R11: Das | S11: =Q11&" "&R11 -> Rahul Das | T11: Rahul Das
A12: EMP010 | B12: Suresh | C12: Naidu | D12: 33000 | E12: 3200 | F12: Oct | G12: Oct | H12: Sureshnaidu@gmail.com | I12: Suidu | J12: =D12+E12 -> 36200 | K12: =J12*12 -> 434400 | L12: =J12*10% -> 3620 | M12: =J12-L12 -> 32580 | N12: =E12+500 -> 3700 | O12: =Dataset!D12/1000 -> 33 | Q12: Suresh | R12: Naidu | S12: =Q12&" "&R12 -> Suresh Naidu | T12: Suresh Naidu
A13: EMP011 | B13: Kavya | C13: Iyer | D13: 30500 | E13: 2600 | F13: Nov | G13: Nov | H13: Kavyaiyer@gmail.com | I13: Kaer | J13: =D13+E13 -> 33100 | K13: =J13*12 -> 397200 | L13: =J13*10% -> 3310 | M13: =J13-L13 -> 29790 | N13: =E13+500 -> 3100 | O13: =Dataset!D13/1000 -> 30.5 | Q13: Kavya | R13: Iyer | S13: =Q13&" "&R13 -> Kavya Iyer | T13: Kavya Iyer
A14: EMP012 | B14: Arjun | C14: Patel | D14: 29500 | E14: 2300 | F14: Dec | G14: Dec | H14: Arjunpatel@gmail.com | I14: Artel | J14: =D14+E14 -> 31800 | K14: =J14*12 -> 381600 | L14: =J14*10% -> 3180 | M14: =J14-L14 -> 28620 | N14: =E14+500 -> 2800 | O14: =Dataset!D14/1000 -> 29.5 | Q14: Arjun | R14: Patel | S14: =Q14&" "&R14 -> Arjun Patel | T14: Arjun Patel
... A22: EMP020 | B22: Nikhil | C22: Choudhary | D22: 32500 | E22: 3000 | F22: Aug | G22: Aug | H22: Nikhilchoudhary@gmail.com | I22: Nioudhary | J22: =D22+E22 -> 35500 | K22: =J22*12 -> 426000 | L22: =J22*10% -> 3550 | M22: =J22-L22 -> 31950 | N22: =E22+500 -> 3500 | O22: =Dataset!D22/1000 -> 32.5 | Q22: Nikhil | R22: Choudhary | S22: =Q22&" "&R22 -> Nikhil Choudhary | T22: Nikhil Choudhary

Sheet Instructions
B3: Instructions
B4: Task1: | C4: Create a new column Full Name
C5: Combine First Name and Last Name manually for first row → Ravi Kumar
C6: Use Flash Fill (Ctrl + E) to fill remaining rows
B9: Task2: | C9: Create a column Email
C10: Format: firstname.lastname@gmail.com (Example: ravi.kumar@gmail.com)
C11: Use Flash Fill to complete all rows
B13: Task3: | C13: Create a column Employee ID
C14: Start with EMP001
C15: Use Fill Series to generate next values:
B17: Task4: | C17: Create a new column as USER ID
C18: Create user id as (First 2 letters of First Name + Last 2 letters of Last Name): Ex: Ravi Kumar -- Raar
B21: Task5: | C21: Extend the Month column till December
C22: Use Fill Handle (drag) to auto-fill months
B24: Task6: | C24: Create the following columns:
C25: Total Salary | D25: Salary+ Bonus
C26: Annual Salary | D26: Total_salary*12
C27: Tax(10%) | D27: Total_salary*10%
C28: Final Salary after Tax | D28: Total_salary-Tax
B30: Task7: | C30: Increase bonus by 500 for all employees
C31: Create New Column as Updated Bonus | D31: Bonus+500
C32: Create a New Columns as Performance Score | D32: Salary/1000
